{"cameraMode":{"drawMode":0,"name":"Shaded","section":"Shading Mode"},"sceneLighting":true,"audioPlay":false,"sceneViewState":{"showFog":true,"showMaterialUpdate":false,"showSkybox":false,"showFlares":true,"showImageEffects":true,"showParticleSystems":true},"in2DMode":false,"pivot":{"x":704.4653930664063,"y":70.46699523925781,"z":398.8437194824219},"rotation":{"x":-0.0923038125038147,"y":-0.22155548632144929,"z":0.02104666270315647,"w":-0.9705883860588074},"size":359.54949951171877,"orthographic":false}