{"cameraMode":{"drawMode":0,"name":"Shaded","section":"Shading Mode"},"sceneLighting":false,"audioPlay":false,"sceneViewState":{"showFog":true,"showMaterialUpdate":false,"showSkybox":false,"showFlares":true,"showImageEffects":true,"showParticleSystems":true},"in2DMode":false,"pivot":{"x":178.1925048828125,"y":69.45089721679688,"z":863.0220336914063},"rotation":{"x":-0.11250651627779007,"y":-0.03519250079989433,"z":0.003963390365242958,"w":-0.9930639266967773},"size":564.4344482421875,"orthographic":false}