{"cameraMode":{"drawMode":0,"name":"Shaded","section":"Shading Mode"},"sceneLighting":true,"audioPlay":false,"sceneViewState":{"showFog":true,"showMaterialUpdate":false,"showSkybox":true,"showFlares":true,"showImageEffects":true,"showParticleSystems":true},"in2DMode":false,"pivot":{"x":-0.015973348170518876,"y":-5.393411636352539,"z":-65.43109893798828},"rotation":{"x":-0.27850142121315,"y":-0.02393842674791813,"z":0.006922815926373005,"w":-0.9601567387580872},"size":0.7071067690849304,"orthographic":false}